Grid Size (m),L2-Norm of Error,Convergence Rate (q)
101,0.3572,0.699964316734533
201,0.220653,0.757469541397777
401,0.13077,-0.04462998675392707
601,0.133153,-0.45835877986302287
801,0.151892,-
