Grid Size (m),L2-Norm of Error
101,0.35720046265203664
201,0.22065319368329328
401,0.13077039330712273
601,0.13315313675519583
801,0.1518920540185981
