Grid Size (m),L2-Norm of Error
101,0.007733689392328813
201,0.00011408039176688864
401,7.571555772315749e-06
601,1.383060926407512e-06
801,3.7306441876275165e-07
