Grid Size (m),L2-Norm of Error
101,0.0066200260756140656
201,1.3887819169711628e-05
401,7.018087624795795e-08
601,4.010051112625557e-09
801,5.317799475564215e-10
